Date,TweetNumber
2014/04/01,12.259
2014/04/02,12.628
2014/04/03,12.927
2014/04/04,11.103
2014/04/05,9.089
2014/04/06,8.95
2014/04/07,10.246
2014/04/08,10.176
2014/04/09,11.193
2014/04/10,13.854
2014/04/11,12.997
2014/04/12,9.229
2014/04/13,10.385
2014/04/14,10.754
2014/04/15,11.053
2014/04/16,12.189
2014/04/17,11.471
2014/04/18,9.946
2014/04/19,9.389
2014/04/20,8.511
2014/04/21,9.159
2014/04/22,9.319
2014/04/23,10.176
2014/04/24,9.967
2014/04/25,9.458
2014/04/26,8.142
2014/04/27,8.601
2014/04/28,9.319
2014/04/29,8.581
2014/04/30,9.688
2014/05/01,9.341
2014/05/02,7.947
2014/05/03,7.389
2014/05/04,7.25
2014/05/05,9.202
2014/05/06,8.644
2014/05/07,8.226
2014/05/08,8.086
2014/05/09,9.202
2014/05/10,6.971
2014/05/11,7.111
2014/05/12,7.25
2014/05/13,8.365
2014/05/14,8.086
2014/05/15,7.668
2014/05/16,8.784
2014/05/17,7.529
2014/05/18,7.25
2014/05/19,7.529
2014/05/20,8.784
2014/05/21,9.202
2014/05/22,9.76
2014/05/23,9.062
2014/05/24,7.947
2014/05/25,8.784
2014/05/26,10.457
2014/05/27,9.202
2014/05/28,10.038
2014/05/29,10.038
2014/05/30,10.038
2014/05/31,9.062
2014/06/01,9.899
2014/06/02,8.923
2014/06/03,10.875
2014/06/04,9.202
2014/06/05,9.202
2014/06/06,8.365
2014/06/07,7.668
2014/06/08,7.529
2014/06/09,6.553
2014/06/10,8.923
2014/06/11,9.202
2014/06/12,10.038
2014/06/13,10.875
2014/06/14,9.062
2014/06/15,8.923
2014/06/16,9.341
2014/06/17,9.76
2014/06/18,9.202
2014/06/19,8.784
2014/06/20,7.808
2014/06/21,6.971
2014/06/22,7.668
2014/06/23,6.832
2014/06/24,7.111
2014/06/25,6.692
2014/06/26,6.832
2014/06/27,8.505
2014/06/28,6.971
2014/06/29,7.389
2014/06/30,8.784
2014/07/01,8.806
2014/07/02,9.429
2014/07/03,8.425
2014/07/04,7.513
2014/07/05,6.56
2014/07/06,7.532
2014/07/07,8.615
2014/07/08,8.016
2014/07/09,7.314
2014/07/10,8.067
2014/07/11,7.746
2014/07/12,6.993
2014/07/13,6.672
2014/07/14,7.211
2014/07/15,7.802
2014/07/16,8.657
2014/07/17,8.815
2014/07/18,8.206
2014/07/19,8.513
2014/07/20,8.174
2014/07/21,8.095
2014/07/22,8.337
2014/07/23,7.351
2014/07/24,8.164
2014/07/25,7.383
2014/07/26,6.914
2014/07/27,7.374
2014/07/28,7.644
2014/07/29,7.374
2014/07/30,7.946
2014/07/31,8.155
2014/08/01,7.377
2014/08/02,6.531
2014/08/03,6.893
2014/08/04,7.014
2014/08/05,7.982
2014/08/06,8.345
2014/08/07,8.707
2014/08/08,7.74
2014/08/09,6.772
2014/08/10,7.498
2014/08/11,7.74
2014/08/12,8.103
2014/08/13,11.852
2014/08/14,9.796
2014/08/15,9.554
2014/08/16,9.554
2014/08/17,8.224
2014/08/18,10.159
2014/08/19,8.587
2014/08/20,8.587
2014/08/21,7.861
2014/08/22,7.982
2014/08/23,7.982
2014/08/24,7.982
2014/08/25,7.377
2014/08/26,7.498
2014/08/27,7.498
2014/08/28,7.377
2014/08/29,7.135
2014/08/30,7.377
2014/08/31,7.74
2014/09/01,9.07
2014/09/02,7.982
2014/09/03,8.103
2014/09/04,8.345
2014/09/05,8.345
2014/09/06,7.377
2014/09/07,7.498
2014/09/08,8.103
2014/09/09,9.07
2014/09/10,10.763
2014/09/11,12.094
2014/09/12,9.07
2014/09/13,6.893
2014/09/14,8.103
2014/09/15,8.224
2014/09/16,7.498
2014/09/17,7.619
2014/09/18,7.619
2014/09/19,9.675
2014/09/20,7.377
2014/09/21,7.498
2014/09/22,7.982
2014/09/23,8.707
2014/09/24,10.159
2014/09/25,8.466
2014/09/26,7.982
2014/09/27,7.014
2014/09/28,7.619
2014/09/29,8.828
2014/09/30,8.345
2014/10/01,7.415
2014/10/02,7.943
2014/10/03,8.366
2014/10/04,8.332
2014/10/05,10.132
2014/10/06,11.256
2014/10/07,9.785
2014/10/08,8.592
2014/10/09,8.86
2014/10/10,8.064
2014/10/11,7.717
2014/10/12,7.268
2014/10/13,8.03
2014/10/14,8.929
2014/10/15,9.076
2014/10/16,8.064
2014/10/17,7.623
2014/10/18,7.502
2014/10/19,7
2014/10/20,6.853
2014/10/21,6.974
2014/10/22,7.328
2014/10/23,7.709
2014/10/24,6.558
2014/10/25,6.316
2014/10/26,7.094
2014/10/27,6.619
2014/10/28,7.234
2014/10/29,7.181
2014/10/30,6.8
2014/10/31,5.944
2014/11/01,6.759
2014/11/02,7.106
2014/11/03,7.279
2014/11/04,7.106
2014/11/05,6.933
2014/11/06,7.973
2014/11/07,7.453
2014/11/08,7.106
2014/11/09,7.626
2014/11/10,8.319
2014/11/11,7.799
2014/11/12,9.532
2014/11/13,9.879
2014/11/14,7.973
2014/11/15,8.319
2014/11/16,8.146
2014/11/17,7.973
2014/11/18,8.666
2014/11/19,8.146
2014/11/20,7.106
2014/11/21,7.106
2014/11/22,7.279
2014/11/23,6.066
2014/11/24,7.106
2014/11/25,7.106
2014/11/26,6.759
2014/11/27,6.586
2014/11/28,6.933
2014/11/29,6.239
2014/11/30,6.759
2014/12/01,7.799
2014/12/02,7.626
2014/12/03,7.626
2014/12/04,6.759
2014/12/05,6.586
2014/12/06,5.893
2014/12/07,7.453
2014/12/08,7.279
2014/12/09,7.453
2014/12/10,7.626
2014/12/11,10.399
2014/12/12,9.359
2014/12/13,7.453
2014/12/14,7.799
2014/12/15,7.626
2014/12/16,8.666
2014/12/17,8.319
2014/12/18,8.146
2014/12/19,7.626
2014/12/20,7.626
2014/12/21,8.146
2014/12/22,7.626
2014/12/23,7.626
2014/12/24,6.586
2014/12/25,6.933
2014/12/26,8.493
2014/12/27,17.332
2014/12/28,7.279
2014/12/29,6.933
2014/12/30,6.759
2014/12/31,6.933
2015/01/01,6.703
2015/01/02,7.625
2015/01/03,7.736
2015/01/04,9.266
2015/01/05,9.439
2015/01/06,10.401
2015/01/07,8.122
2015/01/08,7.562
2015/01/09,8.595
2015/01/10,7.949
2015/01/11,6.876
2015/01/12,7.16
2015/01/13,9.383
2015/01/14,13.69
2015/01/15,12.017
2015/01/16,9.983
2015/01/17,8.437
2015/01/18,7.633
2015/01/19,7.191
2015/01/20,7.42
2015/01/21,8.122
2015/01/22,8.193
2015/01/23,7.365
2015/01/24,7.42
2015/01/25,7.12
2015/01/26,10.629
2015/01/27,9.139
2015/01/28,8.351
2015/01/29,8.564
2015/01/30,7.578
2015/01/31,6.545
2015/02/01,7.53
2015/02/02,6.677
2015/02/03,7.103
2015/02/04,6.961
2015/02/05,7.814
2015/02/06,7.53
2015/02/07,8.524
2015/02/08,8.382
2015/02/09,8.382
2015/02/10,8.098
2015/02/11,7.53
2015/02/12,7.388
2015/02/13,7.103
2015/02/14,6.819
2015/02/15,7.103
2015/02/16,7.245
2015/02/17,7.245
2015/02/18,7.814
2015/02/19,7.814
2015/02/20,11.508
2015/02/21,6.961
2015/02/22,7.672
2015/02/23,6.961
2015/02/24,6.677
2015/02/25,6.677
2015/02/26,6.535
2015/02/27,6.961
2015/02/28,6.535
2015/03/01,6.961
2015/03/02,7.672
2015/03/03,8.098
2015/03/04,8.24
2015/03/05,7.956
2015/03/06,8.808
2015/03/07,9.092
2015/03/08,7.956
2015/03/09,7.814
2015/03/10,8.098
2015/03/11,8.098
2015/03/12,7.814
2015/03/13,7.672
2015/03/14,7.388
2015/03/15,7.388
2015/03/16,7.245
2015/03/17,7.245
2015/03/18,7.388
2015/03/19,7.53
2015/03/20,7.103
2015/03/21,7.245
2015/03/22,6.393
2015/03/23,7.814
2015/03/24,7.245
2015/03/25,7.103
2015/03/26,6.819
2015/03/27,6.109
2015/03/28,5.967
2015/03/29,5.967
2015/03/30,7.103
2015/03/31,6.961
2015/04/01,7.149
2015/04/02,7.142
2015/04/03,6.828
2015/04/04,6.294
2015/04/05,6.28
2015/04/06,6.865
2015/04/07,6.957
2015/04/08,7.028
2015/04/09,7.227
2015/04/10,6.622
2015/04/11,6.466
2015/04/12,6.087
2015/04/13,6.75
2015/04/14,7.234
2015/04/15,6.544
2015/04/16,6.395
2015/04/17,6.152
2015/04/18,5.874
2015/04/19,5.925
2015/04/20,6.388
2015/04/21,6.551
2015/04/22,6.879
2015/04/23,7.149
2015/04/24,6.145
2015/04/25,6.01
2015/04/26,6.324
2015/04/27,6.395
2015/04/28,6.131
2015/04/29,6.53
2015/04/30,7.078
2015/05/01,6.553
2015/05/02,5.396
2015/05/03,5.653
2015/05/04,6.039
2015/05/05,6.424
2015/05/06,5.268
2015/05/07,6.553
2015/05/08,6.553
2015/05/09,5.653
2015/05/10,6.039
2015/05/11,6.424
2015/05/12,6.167
2015/05/13,6.424
2015/05/14,7.837
2015/05/15,6.424
2015/05/16,6.296
2015/05/17,6.681
2015/05/18,6.81
2015/05/19,6.553
2015/05/20,7.067
2015/05/21,6.553
2015/05/22,6.553
2015/05/23,6.681
2015/05/24,6.553
2015/05/25,5.653
2015/05/26,6.938
2015/05/27,6.424
2015/05/28,5.782
2015/05/29,6.938
2015/05/30,8.223
2015/05/31,7.195
2015/06/01,6.424
2015/06/02,6.81
2015/06/03,6.681
2015/06/04,6.938
2015/06/05,6.167
2015/06/06,5.91
2015/06/07,6.296
2015/06/08,6.553
2015/06/09,6.424
2015/06/10,6.296
2015/06/11,6.296
2015/06/12,5.396
2015/06/13,5.396
2015/06/14,6.424
2015/06/15,5.91
2015/06/16,7.324
2015/06/17,7.324
2015/06/18,12.848
2015/06/19,7.709
2015/06/20,7.324
2015/06/21,6.167
2015/06/22,6.296
2015/06/23,6.81
2015/06/24,6.039
2015/06/25,7.581
2015/06/26,6.296
2015/06/27,6.681
2015/06/28,6.553
2015/06/29,8.094
2015/06/30,9.508
2015/07/01,8.473
2015/07/02,8.131
2015/07/03,7.585
2015/07/04,7.585
2015/07/05,8.729
2015/07/06,9.125
2015/07/07,8.258
2015/07/08,8.826
2015/07/09,8.109
2015/07/10,8.815
2015/07/11,8.334
2015/07/12,9.393
2015/07/13,8.676
2015/07/14,8.002
2015/07/15,7.82
2015/07/16,7.842
2015/07/17,7.392
2015/07/18,7.553
2015/07/19,7.638
2015/07/20,6.75
2015/07/21,7.071
2015/07/22,7.178
2015/07/23,6.879
2015/07/24,6.814
2015/07/25,6.975
2015/07/26,7.232
2015/07/27,7.938
2015/07/28,7.36
2015/07/29,7.36
2015/07/30,6.654
2015/07/31,6.579
2015/08/01,10.689
2015/08/02,9.299
2015/08/03,7.803
2015/08/04,7.482
2015/08/05,7.268
2015/08/06,6.627
2015/08/07,6.841
2015/08/08,6.627
2015/08/09,6.734
2015/08/10,6.627
2015/08/11,7.161
2015/08/12,6.52
2015/08/13,6.948
2015/08/14,6.52
2015/08/15,6.413
2015/08/16,7.161
2015/08/17,6.948
2015/08/18,8.23
2015/08/19,9.727
2015/08/20,8.551
2015/08/21,8.123
2015/08/22,7.589
2015/08/23,8.337
2015/08/24,9.192
2015/08/25,9.406
2015/08/26,8.123
2015/08/27,7.268
2015/08/28,7.161
2015/08/29,7.055
2015/08/30,6.948
2015/08/31,6.627
2015/09/01,6.841
2015/09/02,6.841
2015/09/03,6.734
2015/09/04,6.841
2015/09/05,6.413
2015/09/06,6.841
2015/09/07,6.199
2015/09/08,6.841
2015/09/09,6.413
2015/09/10,6.52
2015/09/11,6.627
2015/09/12,6.199
2015/09/13,6.199
2015/09/14,6.413
2015/09/15,6.734
2015/09/16,6.841
2015/09/17,7.375
2015/09/18,7.482
2015/09/19,6.734
2015/09/20,6.52
2015/09/21,6.734
2015/09/22,7.482
2015/09/23,6.627
2015/09/24,6.841
2015/09/25,6.948
2015/09/26,6.627
2015/09/27,5.879
2015/09/28,6.199
2015/09/29,6.841
2015/09/30,6.948
2015/10/01,6.409
2015/10/02,6.114
2015/10/03,5.954
2015/10/04,6.4
2015/10/05,6.614
2015/10/06,6.952
2015/10/07,6.836
2015/10/08,6.845
2015/10/09,6.56
2015/10/10,6.355
2015/10/11,6.569
2015/10/12,7.068
2015/10/13,6.676
2015/10/14,6.569
2015/10/15,6.676
2015/10/16,6.774
2015/10/17,7.113
2015/10/18,6.943
2015/10/19,6.836
2015/10/20,7.389
2015/10/21,7.059
2015/10/22,8.182
2015/10/23,7.291
2015/10/24,6.542
2015/10/25,7.835
2015/10/26,7.844
2015/10/27,8.691
2015/10/28,8.236
2015/10/29,9.056
2015/10/30,10.304
2015/10/31,8.343
2015/11/01,8.812
2015/11/02,10.899
2015/11/03,16.001
2015/11/04,20.871
2015/11/05,16.929
2015/11/06,13.682
2015/11/07,10.435
2015/11/08,9.972
2015/11/09,10.435
2015/11/10,10.435
2015/11/11,10.435
2015/11/12,9.508
2015/11/13,9.276
2015/11/14,7.653
2015/11/15,7.885
2015/11/16,8.58
2015/11/17,8.348
2015/11/18,8.58
2015/11/19,9.044
2015/11/20,8.812
2015/11/21,9.044
2015/11/22,7.653
2015/11/23,8.58
2015/11/24,8.58
2015/11/25,8.58
2015/11/26,9.044
2015/11/27,8.812
2015/11/28,8.116
2015/11/29,7.421
2015/11/30,9.276
2015/12/01,9.276
2015/12/02,8.348
2015/12/03,8.116
2015/12/04,7.421
2015/12/05,8.348
2015/12/06,8.812
2015/12/07,9.508
2015/12/08,11.131
2015/12/09,23.19
2015/12/10,14.841
2015/12/11,12.059
2015/12/12,10.667
2015/12/13,9.972
2015/12/14,9.508
2015/12/15,10.435
2015/12/16,10.435
2015/12/17,9.972
2015/12/18,8.812
2015/12/19,9.044
2015/12/20,8.812
2015/12/21,9.044
2015/12/22,8.812
2015/12/23,9.044
2015/12/24,9.508
2015/12/25,8.812
2015/12/26,9.508
2015/12/27,9.276
2015/12/28,9.276
2015/12/29,9.276
2015/12/30,8.812
2015/12/31,7.653
2016/01/01,7.601
2016/01/02,8.269
2016/01/03,8.397
2016/01/04,8.821
2016/01/05,8.421
2016/01/06,8.269
2016/01/07,9.925
2016/01/08,10.272
2016/01/09,8.937
2016/01/10,8.385
2016/01/11,8.821
2016/01/12,8.461
2016/01/13,8.577
2016/01/14,8.089
2016/01/15,12.096
2016/01/16,13.007
2016/01/17,10.4
2016/01/18,10.516
2016/01/19,9.757
2016/01/20,10.464
2016/01/21,9.733
2016/01/22,9.361
2016/01/23,8.705
2016/01/24,8.309
2016/01/25,8.897
2016/01/26,8.565
2016/01/27,8.449
2016/01/28,8.089
2016/01/29,7.665
2016/01/30,7.869
2016/01/31,7.729
2016/02/01,8.19
2016/02/02,7.934
2016/02/03,8.574
2016/02/04,8.574
2016/02/05,7.294
2016/02/06,7.678
2016/02/07,8.062
2016/02/08,7.678
2016/02/09,8.062
2016/02/10,8.702
2016/02/11,8.702
2016/02/12,8.19
2016/02/13,7.934
2016/02/14,8.446
2016/02/15,8.83
2016/02/16,9.214
2016/02/17,9.214
2016/02/18,10.877
2016/02/19,9.854
2016/02/20,9.214
2016/02/21,9.214
2016/02/22,9.214
2016/02/23,8.446
2016/02/24,9.086
2016/02/25,8.574
2016/02/26,8.062
2016/02/27,8.19
2016/02/28,7.55
2016/02/29,8.318
2016/03/01,9.726
2016/03/02,8.702
2016/03/03,8.958
2016/03/04,9.086
2016/03/05,8.574
2016/03/06,8.318
2016/03/07,9.342
2016/03/08,8.318
2016/03/09,7.934
2016/03/10,7.806
2016/03/11,8.19
2016/03/12,7.678
2016/03/13,7.55
2016/03/14,8.446
2016/03/15,8.83
2016/03/16,8.19
2016/03/17,8.574
2016/03/18,8.19
2016/03/19,7.678
2016/03/20,7.55
2016/03/21,7.934
2016/03/22,8.702
2016/03/23,7.934
2016/03/24,7.934
2016/03/25,7.806
2016/03/26,7.55
2016/03/27,7.934
2016/03/28,8.318
2016/03/29,8.446
2016/03/30,8.702
2016/03/31,8.062
2016/04/01,7.782
2016/04/02,7.51
2016/04/03,7.446
2016/04/04,7.846
2016/04/05,7.966
2016/04/06,8.102
2016/04/07,8.102
2016/04/08,7.838
2016/04/09,7.71
2016/04/10,8.046
2016/04/11,8.63
2016/04/12,8.11
2016/04/13,7.71
2016/04/14,7.846
2016/04/15,7.974
2016/04/16,7.19
2016/04/17,7.246
2016/04/18,7.454
2016/04/19,7.902
2016/04/20,8.174
2016/04/21,8.838
2016/04/22,8.894
2016/04/23,8.254
2016/04/24,8.966
2016/04/25,9.493
2016/04/26,9.757
2016/04/27,8.646
2016/04/28,10.173
2016/04/29,9.046
2016/04/30,8.11
2016/05/01,8.158
2016/05/02,27.192
2016/05/03,16.315
2016/05/04,11.421
2016/05/05,12.78
2016/05/06,11.149
2016/05/07,9.789
2016/05/08,9.517
2016/05/09,10.061
2016/05/10,10.605
2016/05/11,8.973
2016/05/12,9.245
2016/05/13,9.245
2016/05/14,8.43
2016/05/15,8.158
2016/05/16,8.702
2016/05/17,8.702
2016/05/18,8.973
2016/05/19,9.245
2016/05/20,9.245
2016/05/21,7.886
2016/05/22,8.158
2016/05/23,8.702
2016/05/24,8.702
2016/05/25,8.973
2016/05/26,8.43
2016/05/27,9.517
2016/05/28,11.965
2016/05/29,12.78
2016/05/30,12.78
2016/05/31,13.324
2016/06/01,11.149
2016/06/02,9.789
2016/06/03,11.149
2016/06/04,11.965
2016/06/05,10.877
2016/06/06,11.149
2016/06/07,11.421
2016/06/08,10.333
2016/06/09,10.061
2016/06/10,9.789
2016/06/11,10.605
2016/06/12,15.228
2016/06/13,18.491
2016/06/14,15.5
2016/06/15,13.596
2016/06/16,17.131
2016/06/17,16.587
2016/06/18,14.412
2016/06/19,13.596
2016/06/20,14.412
2016/06/21,15.5
2016/06/22,14.684
2016/06/23,14.412
2016/06/24,21.21
2016/06/25,14.956
2016/06/26,12.237
2016/06/27,13.596
2016/06/28,12.78
2016/06/29,11.149
2016/06/30,12.509
2016/07/01,11.832
2016/07/02,11.011
2016/07/03,11.897
2016/07/04,10.772
2016/07/05,11.316
2016/07/06,11.25
2016/07/07,11.968
2016/07/08,11.658
2016/07/09,15.049
2016/07/10,12.516
2016/07/11,10.94
2016/07/12,11.011
2016/07/13,10.701
2016/07/14,10.087
2016/07/15,9.266
2016/07/16,9.402
2016/07/17,9.881
2016/07/18,9.266
2016/07/19,10.293
2016/07/20,9.473
2016/07/21,8.957
2016/07/22,9.06
2016/07/23,8.718
2016/07/24,8.718
2016/07/25,9.266
2016/07/26,9.951
2016/07/27,10.293
2016/07/28,8.652
2016/07/29,8.924
2016/07/30,8.891
2016/07/31,9.13
2016/08/01,9.906
2016/08/02,11.764
2016/08/03,20.639
2016/08/04,14.241
2016/08/05,11.145
2016/08/06,9.081
2016/08/07,10.319
2016/08/08,10.113
2016/08/09,9.287
2016/08/10,8.875
2016/08/11,9.081
2016/08/12,8.462
2016/08/13,8.875
2016/08/14,7.843
2016/08/15,8.668
2016/08/16,8.462
2016/08/17,9.287
2016/08/18,8.875
2016/08/19,8.668
2016/08/20,7.843
2016/08/21,8.049
2016/08/22,9.081
2016/08/23,9.494
2016/08/24,9.287
2016/08/25,8.668
2016/08/26,8.462
2016/08/27,8.668
2016/08/28,8.875
2016/08/29,8.668
2016/08/30,8.462
2016/08/31,8.255
2016/09/01,9.494
2016/09/02,8.255
2016/09/03,8.255
2016/09/04,9.081
2016/09/05,8.875
2016/09/06,8.462
2016/09/07,9.287
2016/09/08,10.113
2016/09/09,9.7
2016/09/10,9.7
2016/09/11,8.875
2016/09/12,9.081
2016/09/13,9.494
2016/09/14,8.462
2016/09/15,9.494
2016/09/16,9.287
2016/09/17,8.875
2016/09/18,8.875
2016/09/19,8.875
2016/09/20,8.668
2016/09/21,10.319
2016/09/22,8.668
2016/09/23,9.081
2016/09/24,8.049
2016/09/25,8.255
2016/09/26,9.287
2016/09/27,9.081
2016/09/28,9.081
2016/09/29,8.462
2016/09/30,9.081
2016/10/01,9.096
2016/10/02,8.135
2016/10/03,8.787
2016/10/04,8.512
2016/10/05,8.993
2016/10/06,8.993
2016/10/07,9.061
2016/10/08,8.512
2016/10/09,8.89
2016/10/10,9.268
2016/10/11,10.469
2016/10/12,10.675
2016/10/13,10.297
2016/10/14,9.885
2016/10/15,9.371
2016/10/16,8.923
2016/10/17,9.817
2016/10/18,9.268
2016/10/19,8.993
2016/10/20,9.2
2016/10/21,9.061
2016/10/22,9.165
2016/10/23,9.716
2016/10/24,9.784
2016/10/25,10.401
2016/10/26,10.846
2016/10/27,11.499
2016/10/28,12.287
2016/10/29,13.215
2016/10/30,11.156
2016/10/31,11.602
2016/11/01,12.673
2016/11/02,11.646
2016/11/03,12.673
2016/11/04,11.988
2016/11/05,11.303
2016/11/06,11.646
2016/11/07,11.646
2016/11/08,11.303
2016/11/09,14.729
2016/11/10,12.331
2016/11/11,10.961
2016/11/12,10.961
2016/11/13,10.618
2016/11/14,11.303
2016/11/15,11.303
2016/11/16,12.331
2016/11/17,13.358
2016/11/18,13.016
2016/11/19,11.646
2016/11/20,11.988
2016/11/21,11.646
2016/11/22,12.331
2016/11/23,11.646
2016/11/24,11.646
2016/11/25,11.303
2016/11/26,11.303
2016/11/27,11.303
2016/11/28,10.961
2016/11/29,13.016
2016/11/30,11.988
2016/12/01,11.988
2016/12/02,12.673
2016/12/03,11.303
2016/12/04,10.961
2016/12/05,11.988
2016/12/06,11.646
2016/12/07,11.988
2016/12/08,11.646
2016/12/09,10.961
2016/12/10,10.618
2016/12/11,10.961
2016/12/12,11.646
2016/12/13,11.646
2016/12/14,11.988
2016/12/15,11.988
2016/12/16,11.988
2016/12/17,11.646
2016/12/18,10.961
2016/12/19,12.331
2016/12/20,11.646
2016/12/21,15.071
2016/12/22,18.154
2016/12/23,21.236
2016/12/24,16.441
2016/12/25,16.784
2016/12/26,15.756
2016/12/27,16.441
2016/12/28,19.524
2016/12/29,18.154
2016/12/30,18.154
2016/12/31,14.043
2017/01/01,15.348
2017/01/02,26.119
2017/01/03,24.111
2017/01/04,27.987
2017/01/05,33.725
2017/01/06,28.983
2017/01/07,24.453
2017/01/08,21.574
2017/01/09,20.915
2017/01/10,18.725
2017/01/11,21.916
2017/01/12,23.089
2017/01/13,18.549
2017/01/14,17.537
2017/01/15,16.022
2017/01/16,16.001
2017/01/17,17.858
2017/01/18,16.681
2017/01/19,15.508
2017/01/20,15.508
2017/01/21,15.005
2017/01/22,14.663
2017/01/23,14.844
2017/01/24,15
2017/01/25,15.84
2017/01/26,13.988
2017/01/27,14.502
2017/01/28,14.175
2017/01/29,13.656
2017/01/30,13.474
2017/01/31,15.01
2017/02/01,15.935
2017/02/02,16.599
2017/02/03,16.931
2017/02/04,15.271
2017/02/05,15.271
2017/02/06,15.935
2017/02/07,15.271
2017/02/08,17.263
2017/02/09,19.919
2017/02/10,17.263
2017/02/11,16.267
2017/02/12,14.275
2017/02/13,14.607
2017/02/14,14.275
2017/02/15,14.607
2017/02/16,14.939
2017/02/17,15.271
2017/02/18,15.935
2017/02/19,13.943
2017/02/20,15.935
2017/02/21,17.927
2017/02/22,17.927
2017/02/23,19.255
2017/02/24,23.57
2017/02/25,19.919
2017/02/26,16.599
2017/02/27,17.927
2017/02/28,17.927
2017/03/01,20.251
2017/03/02,23.57
2017/03/03,31.538
2017/03/04,23.902
2017/03/05,21.247
2017/03/06,21.247
2017/03/07,22.243
2017/03/08,24.566
2017/03/09,22.575
2017/03/10,31.206
2017/03/11,27.222
2017/03/12,19.919
2017/03/13,21.579
2017/03/14,19.587
2017/03/15,19.587
2017/03/16,19.919
2017/03/17,20.915
2017/03/18,23.57
2017/03/19,20.915
2017/03/20,21.247
2017/03/21,20.251
2017/03/22,20.915
2017/03/23,19.587
2017/03/24,18.923
2017/03/25,21.247
2017/03/26,17.595
2017/03/27,19.255
2017/03/28,17.927
2017/03/29,17.927
2017/03/30,16.931
2017/03/31,16.599
2017/04/01,16.762
2017/04/02,15.932
2017/04/03,17.726
2017/04/04,18.069
2017/04/05,17.083
2017/04/06,17.239
2017/04/07,17.239
2017/04/08,17.405
2017/04/09,16.585
2017/04/10,17.737
2017/04/11,18.722
2017/04/12,17.892
2017/04/13,17.892
2017/04/14,15.932
2017/04/15,15.279
2017/04/16,15.766
2017/04/17,16.751
2017/04/18,18.877
2017/04/19,17.903
2017/04/20,17.073
2017/04/21,16.751
2017/04/22,16.751
2017/04/23,15.766
2017/04/24,17.073
2017/04/25,18.38
2017/04/26,20.527
2017/04/27,20.693
2017/04/28,20.195
2017/04/29,18.556
2017/04/30,18.058
2017/05/01,22.421
2017/05/02,26.32
2017/05/03,25.345
2017/05/04,34.118
2017/05/05,30.219
2017/05/06,24.37
2017/05/07,24.37
2017/05/08,27.295
2017/05/09,37.043
2017/05/10,34.118
2017/05/11,37.043
2017/05/12,42.892
2017/05/13,45.816
2017/05/14,38.992
2017/05/15,51.665
2017/05/16,46.791
2017/05/17,39.967
2017/05/18,35.093
2017/05/19,40.942
2017/05/20,38.992
2017/05/21,42.892
2017/05/22,65.312
2017/05/23,69.211
2017/05/24,74.085
2017/05/25,97.481
2017/05/26,76.035
2017/05/27,67.262
2017/05/28,50.69
2017/05/29,49.715
2017/05/30,48.74
2017/05/31,46.791
2017/06/01,44.841
2017/06/02,39.967
2017/06/03,37.043
2017/06/04,37.043
2017/06/05,41.917
2017/06/06,57.514
2017/06/07,50.69
2017/06/08,44.841
2017/06/09,42.892
2017/06/10,41.917
2017/06/11,42.892
2017/06/12,55.564
2017/06/13,47.766
2017/06/14,47.766
2017/06/15,58.488
2017/06/16,48.74
2017/06/17,39.967
2017/06/18,37.043
2017/06/19,38.992
2017/06/20,40.942
2017/06/21,41.917
2017/06/22,41.917
2017/06/23,40.942
2017/06/24,38.018
2017/06/25,35.093
2017/06/26,44.841
2017/06/27,48.74
2017/06/28,47.766
2017/06/29,40.942
2017/06/30,33.143
2017/07/01,31.989
2017/07/02,33.573
2017/07/03,34.06
2017/07/04,33.573
2017/07/05,34.06
2017/07/06,35.157
2017/07/07,33.512
2017/07/08,31.014
2017/07/09,31.44
2017/07/10,36.619
2017/07/11,42.773
2017/07/12,39.178
2017/07/13,36.68
2017/07/14,36.619
2017/07/15,40.763
2017/07/16,48.075
2017/07/17,43.87
2017/07/18,43.87
2017/07/19,41.25
2017/07/20,45.942
2017/07/21,44.967
2017/07/22,38.752
2017/07/23,38.752
2017/07/24,39.239
2017/07/25,40.824
2017/07/26,40.275
2017/07/27,39.178
2017/07/28,43.809
2017/07/29,37.107
2017/07/30,36.619
2017/07/31,46.978
2017/08/01,77.876
2017/08/02,71.295
2017/08/03,48.261
2017/08/04,43.874
2017/08/05,57.036
2017/08/06,47.165
2017/08/07,54.842
2017/08/08,55.939
2017/08/09,52.649
2017/08/10,48.261
2017/08/11,50.455
2017/08/12,61.424
2017/08/13,74.586
2017/08/14,83.361
2017/08/15,84.457
2017/08/16,71.295
2017/08/17,68.005
2017/08/18,71.295
2017/08/19,63.617
2017/08/20,59.23
2017/08/21,59.23
2017/08/22,68.005
2017/08/23,60.327
2017/08/24,54.842
2017/08/25,57.036
2017/08/26,52.649
2017/08/27,50.455
2017/08/28,53.746
2017/08/29,61.424
2017/08/30,64.714
2017/08/31,69.102
2017/09/01,74.586
2017/09/02,68.005
2017/09/03,61.424
2017/09/04,76.779
2017/09/05,77.876
2017/09/06,68.005
2017/09/07,61.424
2017/09/08,65.811
2017/09/09,53.746
2017/09/10,53.746
2017/09/11,60.327
2017/09/12,60.327
2017/09/13,80.07
2017/09/14,98.716
2017/09/15,109.685
2017/09/16,72.392
2017/09/17,60.327
2017/09/18,70.198
2017/09/19,64.714
2017/09/20,55.939
2017/09/21,57.036
2017/09/22,52.649
2017/09/23,44.971
2017/09/24,41.68
2017/09/25,49.358
2017/09/26,46.068
2017/09/27,50.455
2017/09/28,48.261
2017/09/29,47.165
2017/09/30,42.777
2017/10/01,43.527
2017/10/02,49.902
2017/10/03,49.354
2017/10/04,47.16
2017/10/05,45.173
2017/10/06,43.527
2017/10/07,41.882
2017/10/08,46.612
2017/10/09,54.632
2017/10/10,55.729
2017/10/11,55.729
2017/10/12,92.881
2017/10/13,106.728
2017/10/14,74.305
2017/10/15,68.478
2017/10/16,69.575
2017/10/17,66.833
2017/10/18,68.478
2017/10/19,66.833
2017/10/20,75.402
2017/10/21,86.506
2017/10/22,73.757
2017/10/23,81.777
2017/10/24,90.687
2017/10/25,80.68
2017/10/26,79.583
2017/10/27,67.382
2017/10/28,56.826
2017/10/29,65.736
2017/10/30,74.853
2017/10/31,87.603
2017/11/01,104.867
2017/11/02,141.879
2017/11/03,129.542
2017/11/04,104.867
2017/11/05,98.699
2017/11/06,104.867
2017/11/07,98.699
2017/11/08,104.867
2017/11/09,98.699
2017/11/10,123.373
2017/11/11,117.205
2017/11/12,148.048
2017/11/13,129.542
2017/11/14,98.699
2017/11/15,104.867
2017/11/16,104.867
2017/11/17,123.373
2017/11/18,92.53
2017/11/19,92.53
2017/11/20,117.205
2017/11/21,123.373
2017/11/22,104.867
2017/11/23,98.699
2017/11/24,92.53
2017/11/25,98.699
2017/11/26,148.048
2017/11/27,197.398
2017/11/28,228.241
2017/11/29,376.289
2017/11/30,308.434
2017/12/01,234.41
2017/12/02,178.892
2017/12/03,178.892
2017/12/04,209.735
2017/12/05,215.904
2017/12/06,289.928
2017/12/07,579.855
2017/12/08,512
2017/12/09,345.446
2017/12/10,333.108
2017/12/11,388.626
2017/12/12,357.783
2017/12/13,320.771
2017/12/14,283.759
2017/12/15,259.084
2017/12/16,252.916
2017/12/17,283.759
2017/12/18,289.928
2017/12/19,302.265
2017/12/20,407.132
2017/12/21,320.771
2017/12/22,616.867
2017/12/23,382.458
2017/12/24,289.928
2017/12/25,240.578
2017/12/26,240.578
2017/12/27,228.241
2017/12/28,228.241
2017/12/29,203.566
2017/12/30,203.566
2017/12/31,172.723
2018/01/01,158.04
2018/01/02,189.385
2018/01/03,186.3
2018/01/04,181.447
2018/01/05,179.677
2018/01/06,158.494
2018/01/07,159.809
2018/01/08,177.908
2018/01/09,167.747
2018/01/10,174.824
2018/01/11,196.007
2018/01/12,161.578
2018/01/13,141.71
2018/01/14,132.003
2018/01/15,133.318
2018/01/16,263.551
2018/01/17,355.816
2018/01/18,240.598
2018/01/19,179.677
2018/01/20,148.333
2018/01/21,135.087
2018/01/22,161.578
2018/01/23,153.186
2018/01/24,139.94
2018/01/25,132.003
2018/01/26,135.087
2018/01/27,116.988
2018/01/28,110.365
2018/01/29,112.134
2018/01/30,125.38
2018/01/31,135.087
2018/02/01,169.848
2018/02/02,222.925
2018/02/03,148.617
2018/02/04,127.386
2018/02/05,222.925
2018/02/06,279.541
2018/02/07,180.463
2018/02/08,152.155
2018/02/09,127.386
2018/02/10,102.616
2018/02/11,99.078
2018/02/12,106.155
2018/02/13,102.616
2018/02/14,102.616
2018/02/15,109.693
2018/02/16,95.539
2018/02/17,88.462
2018/02/18,92.001
2018/02/19,92.001
2018/02/20,99.078
2018/02/21,95.539
2018/02/22,92.001
2018/02/23,81.385
2018/02/24,70.77
2018/02/25,67.231
2018/02/26,77.847
2018/02/27,77.847
2018/02/28,74.308
2018/03/01,67.231
2018/03/02,70.77
2018/03/03,63.693
2018/03/04,60.154
2018/03/05,67.231
2018/03/06,67.231
2018/03/07,77.847
2018/03/08,77.847
2018/03/09,81.385
2018/03/10,63.693
2018/03/11,56.616
2018/03/12,67.231
2018/03/13,63.693
2018/03/14,77.847
2018/03/15,84.924
2018/03/16,70.77
2018/03/17,63.693
2018/03/18,74.308
2018/03/19,74.308
2018/03/20,67.231
2018/03/21,67.231
2018/03/22,63.693
2018/03/23,56.616
2018/03/24,53.077
2018/03/25,49.539
2018/03/26,70.77
2018/03/27,63.693
2018/03/28,60.154
2018/03/29,70.77
2018/03/30,81.385
2018/03/31,60.154
2018/04/01,65.391
2018/04/02,69.923
2018/04/03,62.931
2018/04/04,61.162
2018/04/05,66.427
2018/04/06,66.082
2018/04/07,54.557
2018/04/08,49.637
2018/04/09,60.471
2018/04/10,56.284
2018/04/11,52.788
2018/04/12,65.349
2018/04/13,67.118
2018/04/14,49.637
2018/04/15,49.637
2018/04/16,53.479
2018/04/17,51.019
2018/04/18,52.442
2018/04/19,54.169
2018/04/20,54.169
2018/04/21,51.752
2018/04/22,49.292
2018/04/23,53.824
2018/04/24,64.312
2018/04/25,59.78
2018/04/26,50.328
2018/04/27,49.292
2018/04/28,43.335
2018/04/29,45.45
2018/04/30,46.832
2018/05/01,46.972
2018/05/02,46.972
2018/05/03,47.663
2018/05/04,47.663
2018/05/05,46.972
2018/05/06,44.9
2018/05/07,49.735
2018/05/08,48.353
2018/05/09,44.9
2018/05/10,46.095
2018/05/11,54.005
2018/05/12,44.524
2018/05/13,39.999
2018/05/14,46.976
2018/05/15,44.42
2018/05/16,43.833
2018/05/17,42.555
2018/05/18,43.194
2018/05/19,35.232
2018/05/20,35.819
2018/05/21,40.292
2018/05/22,43.246
2018/05/23,51.501
2018/05/24,47.563
2018/05/25,42.209
2018/05/26,35.871
2018/05/27,37.494
2018/05/28,42.848
2018/05/29,44.075
2018/05/30,40.534
2018/05/31,38.427
2018/06/01,36.165
2018/06/02,33.315
2018/06/03,34.593
2018/06/04,36.51
2018/06/05,37.391
2018/06/06,36.804
2018/06/07,36.458
2018/06/08,34.938
2018/06/09,31.743
2018/06/10,43.729
2018/06/11,58.725
2018/06/12,46.98
2018/06/13,54.027
2018/06/14,47.567
2018/06/15,40.52
2018/06/16,34.648
2018/06/17,34.061
2018/06/18,39.933
2018/06/19,38.759
2018/06/20,38.759
2018/06/21,35.822
2018/06/22,44.044
2018/06/23,38.171
2018/06/24,44.631
2018/06/25,40.52
2018/06/26,38.171
2018/06/27,36.41
2018/06/28,36.997
2018/06/29,46.98
2018/06/30,39.933
2018/07/01,34.648
2018/07/02,39.346
2018/07/03,39.346
2018/07/04,36.997
2018/07/05,38.171
2018/07/06,35.235
2018/07/07,30.537
2018/07/08,32.886
2018/07/09,34.648
2018/07/10,36.41
2018/07/11,34.061
2018/07/12,36.997
2018/07/13,35.235
2018/07/14,31.124
2018/07/15,29.95
2018/07/16,36.41
2018/07/17,46.98
2018/07/18,52.853
2018/07/19,45.218
2018/07/20,41.108
2018/07/21,35.235
2018/07/22,34.648
2018/07/23,44.044
2018/07/24,55.789
2018/07/25,51.678
2018/07/26,45.806
2018/07/27,46.393
2018/07/28,36.41
2018/07/29,36.41
2018/07/30,41.108
2018/07/31,41.695
2018/08/01,41.108
2018/08/02,37.584
2018/08/03,39.933
2018/08/04,37.584
2018/08/05,35.822
2018/08/06,39.933
2018/08/07,41.108
2018/08/08,49.329
2018/08/09,42.869
2018/08/10,41.243
2018/08/11,41.795
2018/08/12,35.721
2018/08/13,41.572
2018/08/14,51.148
2018/08/15,45.786
2018/08/16,39.795
2018/08/17,37.996
2018/08/18,33.703
2018/08/19,32.422
2018/08/20,36.218
2018/08/21,38.558
2018/08/22,41.642
2018/08/23,37.994
2018/08/24,35.676
2018/08/25,32.792
2018/08/26,31.187
2018/08/27,35.457
2018/08/28,43.048
2018/08/29,38.632
2018/08/30,38.651
2018/08/31,35.289
2018/09/01,33.14
2018/09/02,35.01
2018/09/03,35.974
2018/09/04,39.466
2018/09/05,46.964
2018/09/06,52.197
2018/09/07,41.414
2018/09/08,34.182
2018/09/09,34.613
2018/09/10,37.592
2018/09/11,37.589
2018/09/12,41.156
2018/09/13,39.605
2018/09/14,36.991
2018/09/15,31.338
2018/09/16,30.005
2018/09/17,34.095
2018/09/18,33.62
2018/09/19,34.437
2018/09/20,33.873
2018/09/21,38.099
2018/09/22,32.948
2018/09/23,30.373
2018/09/24,32.824
2018/09/25,34.066
2018/09/26,33.766
2018/09/27,33.155
2018/09/28,32.706
2018/09/29,27.661
2018/09/30,27.573
2018/10/01,29.85
2018/10/02,30.597
2018/10/03,30.301
2018/10/04,30.975
2018/10/05,29.469
2018/10/06,26.358
2018/10/07,24.496
2018/10/08,30.053
2018/10/09,30.635
2018/10/10,31.568
2018/10/11,41.327
2018/10/12,32.964
2018/10/13,28.218
2018/10/14,27.112
2018/10/15,37.259
2018/10/16,31.919
2018/10/17,30.717
2018/10/18,30.345
2018/10/19,30.178
2018/10/20,25.889
2018/10/21,25.65
2018/10/22,29.475
2018/10/23,30.084
2018/10/24,30.29
2018/10/25,29.818
2018/10/26,28.265
2018/10/27,25.793
2018/10/28,23.789
2018/10/29,30.443
2018/10/30,29.545
2018/10/31,31.48
2018/11/01,29.905
2018/11/02,29.267
2018/11/03,25.715
2018/11/04,29.6
2018/11/05,32.025
2018/11/06,31.446
2018/11/07,30.675
2018/11/08,30.057
2018/11/09,29.728
2018/11/10,25.063
2018/11/11,25.533
2018/11/12,28.993
2018/11/13,30.021
2018/11/14,47.768
2018/11/15,54.469
2018/11/16,41.489
2018/11/17,34.289
2018/11/18,31.487
2018/11/19,53.775
2018/11/20,77.947
2018/11/21,60.39
2018/11/22,45.202
2018/11/23,45.856
2018/11/24,42.349
2018/11/25,64.303
2018/11/26,63.738
2018/11/27,57.323
2018/11/28,52.904
2018/11/29,46.745
2018/11/30,42.937
2018/12/01,37.667
2018/12/02,33.301
2018/12/03,42.75
2018/12/04,41.989
2018/12/05,40.599
2018/12/06,44.869
2018/12/07,57.279
2018/12/08,42.659
2018/12/09,38.351
2018/12/10,42.584
2018/12/11,40.617
2018/12/12,38.696
2018/12/13,40.475
2018/12/14,43.602
2018/12/15,38.208
2018/12/16,36.314
2018/12/17,44.181
2018/12/18,43.153
2018/12/19,47.327
2018/12/20,48.914
2018/12/21,43.645
2018/12/22,36.333
2018/12/23,36.116
2018/12/24,41.168
2018/12/25,38.724
2018/12/26,37.079
2018/12/27,38.225
2018/12/28,38.309
2018/12/29,34.657
2018/12/30,31.836
2018/12/31,31.275
2019/01/01,31.318
2019/01/02,35.638
2019/01/03,36.12
2019/01/04,35.511
2019/01/05,29.152
2019/01/06,31.654
2019/01/07,37.173
2019/01/08,33.179
2019/01/09,33.957
2019/01/10,38.559
2019/01/11,34.92
2019/01/12,30.058
2019/01/13,30.026
2019/01/14,32.963
2019/01/15,31.546
2019/01/16,30.686
2019/01/17,30.103
2019/01/18,28.987
2019/01/19,26.268
2019/01/20,25.537
2019/01/21,28.514
2019/01/22,28.155
2019/01/23,27.432
2019/01/24,28.549
2019/01/25,27.433
2019/01/26,24.778
2019/01/27,24.639
2019/01/28,31.15
2019/01/29,30.398
2019/01/30,28.51
2019/01/31,28.118
2019/02/01,26.961
2019/02/02,24.926
2019/02/03,23.495
2019/02/04,29.667
2019/02/05,33.781
2019/02/06,32.133
2019/02/07,30.562
2019/02/08,31.625
2019/02/09,29.973
2019/02/10,26.703
2019/02/11,28.264
2019/02/12,28.337
2019/02/13,27.599
2019/02/14,27.075
2019/02/15,25.999
2019/02/16,24.821
2019/02/17,24.161
2019/02/18,33.736
2019/02/19,35.28
2019/02/20,32.853
2019/02/21,31.232
2019/02/22,29.979
2019/02/23,30.331
2019/02/24,36.812
2019/02/25,31.877
2019/02/26,29.669
2019/02/27,27.904
2019/02/28,27.635
2019/03/01,26.61
2019/03/02,24.583
2019/03/03,24.289
2019/03/04,27.275
2019/03/05,28.705
2019/03/06,28.405
2019/03/07,27.574
2019/03/08,26.251
2019/03/09,25.93
2019/03/10,24.944
2019/03/11,26.497
2019/03/12,26.521
2019/03/13,25.692
2019/03/14,24.705
2019/03/15,24.522
2019/03/16,25.322
2019/03/17,24.262
2019/03/18,27.058
2019/03/19,28.929
2019/03/20,29.28
2019/03/21,29.565
2019/03/22,26.6
2019/03/23,24.055
2019/03/24,23.095
2019/03/25,25.583
2019/03/26,25.845
2019/03/27,28.596
2019/03/28,26.816
2019/03/29,27.616
2019/03/30,23.984
2019/03/31,23.026
2019/04/01,29.16
2019/04/02,64.989
2019/04/03,68.235
2019/04/04,49.695
2019/04/05,40.256
2019/04/06,34.211
2019/04/07,35.299
2019/04/08,42.388
2019/04/09,38.846
2019/04/10,38.331
2019/04/11,39.654
2019/04/12,34.93
2019/04/13,29.061
2019/04/14,28.926
2019/04/15,33.819
2019/04/16,34.642
2019/04/17,34.818
2019/04/18,32.63
2019/04/19,32.176
2019/04/20,30.735
2019/04/21,29.825
2019/04/22,33.416
2019/04/23,43.762
2019/04/24,38.506
2019/04/25,36.393
2019/04/26,37.414
2019/04/27,29.119
2019/04/28,27.714
2019/04/29,30.926
2019/04/30,30.442
2019/05/01,30.521
2019/05/02,32.142
2019/05/03,40.868
2019/05/04,34.809
2019/05/05,34.494
2019/05/06,35.347
2019/05/07,40.915
2019/05/08,41.782
2019/05/09,46.364
2019/05/10,50.085
2019/05/11,64.238
2019/05/12,66.938
2019/05/13,76.832
2019/05/14,89.974
2019/05/15,73.578
2019/05/16,68.45
2019/05/17,67.824
2019/05/18,50.718
2019/05/19,55.758
2019/05/20,57.863
2019/05/21,55.133
2019/05/22,51.77
2019/05/23,48.216
2019/05/24,47.382
2019/05/25,42.77
2019/05/26,45.267
2019/05/27,65.338
2019/05/28,57.648
2019/05/29,52.838
2019/05/30,55.846
2019/05/31,53.241
2019/06/01,45.259
2019/06/02,43.354
2019/06/03,47.52
2019/06/04,55.299
2019/06/05,47.502
2019/06/06,43.909
2019/06/07,44.687
2019/06/08,37.728
2019/06/09,37.548
2019/06/10,40.481
2019/06/11,40.996
2019/06/12,41.379
2019/06/13,41
2019/06/14,44.847
2019/06/15,44.596
2019/06/16,55.304
2019/06/17,59.077
2019/06/18,59.827
2019/06/19,51.064
2019/06/20,51.444
2019/06/21,65.746
2019/06/22,103.588
2019/06/23,72.573
2019/06/24,74.678
2019/06/25,85.282
2019/06/26,150.505
2019/06/27,125.666
2019/06/28,94.313
2019/06/29,71.811
2019/06/30,63.698
2019/07/01,72.71
2019/07/02,73.678
2019/07/03,67.179
2019/07/04,62.187
2019/07/05,57.568
2019/07/06,50.546
2019/07/07,47.856
2019/07/08,59.067
2019/07/09,67.907
2019/07/10,70.75
2019/07/11,64.951
2019/07/12,64.573
2019/07/13,52.286
2019/07/14,53.469
2019/07/15,64.697
2019/07/16,66.716
2019/07/17,68.552
2019/07/18,64.297
2019/07/19,55.783
2019/07/20,47.642
2019/07/21,46.608
2019/07/22,49.381
2019/07/23,50.494
2019/07/24,52.869
2019/07/25,50.398
2019/07/26,45.77
2019/07/27,47.033
2019/07/28,43.512
2019/07/29,47.477
2019/07/30,45.865
2019/07/31,47.374
2019/08/01,47.003
2019/08/02,49.697
2019/08/03,45.572
2019/08/04,44.225
2019/08/05,65.251
2019/08/06,64.065
2019/08/07,57.065
2019/08/08,54.121
2019/08/09,49.051
2019/08/10,44.675
2019/08/11,42.268
2019/08/12,48.146
2019/08/13,48.607
2019/08/14,54.039
2019/08/15,57.038
2019/08/16,48.832
2019/08/17,40.656
2019/08/18,41.321
2019/08/19,47.547
2019/08/20,46.541
2019/08/21,47.781
2019/08/22,45.062
2019/08/23,44.119
2019/08/24,39.099
2019/08/25,38.104
2019/08/26,44.028
2019/08/27,43.376
2019/08/28,44.59
2019/08/29,49.426
2019/08/30,41.032
2019/08/31,35.774
2019/09/01,34.79
2019/09/02,43.991
2019/09/03,47.646
2019/09/04,43.416
2019/09/05,40.199
2019/09/06,42.604
2019/09/07,35.563
2019/09/08,34.623
2019/09/09,38.639
2019/09/10,37.94
2019/09/11,37.32
2019/09/12,38.007
2019/09/13,35.352
2019/09/14,32.139
2019/09/15,31.906
2019/09/16,34.933
2019/09/17,33.887
2019/09/18,34.487
2019/09/19,37.4
2019/09/20,34.296
2019/09/21,29.885
2019/09/22,30.589
2019/09/23,36.075
2019/09/24,50.201
2019/09/25,58.503
2019/09/26,54.492
2019/09/27,48.563
2019/09/28,38.973
2019/09/29,36.216
2019/09/30,43.398
2019/10/01,41.732
2019/10/02,38.782
2019/10/03,38.876
2019/10/04,34.839
2019/10/05,31.876
2019/10/06,32.95
2019/10/07,39.321
2019/10/08,36.974
2019/10/09,37.271
2019/10/10,36.973
2019/10/11,34.305
2019/10/12,30.306
2019/10/13,30.31
2019/10/14,33.863
2019/10/15,34.707
2019/10/16,35.233
2019/10/17,34.534
2019/10/18,34.14
2019/10/19,30.019
2019/10/20,30.011
2019/10/21,33.74
2019/10/22,32.838
2019/10/23,41.988
2019/10/24,39.365
2019/10/25,44.381
2019/10/26,60.819
2019/10/27,44.396
2019/10/28,46.43
2019/10/29,42.992
2019/10/30,39.332
2019/10/31,37.33
2019/11/01,35.625
2019/11/02,32.164
2019/11/03,31.456
2019/11/04,36.088
2019/11/05,37.573
2019/11/06,35.774
2019/11/07,34.092
2019/11/08,35.753
2019/11/09,31.679
2019/11/10,30.804
2019/11/11,34.133
2019/11/12,33.33
2019/11/13,33.226
2019/11/14,31.451
2019/11/15,32.121
2019/11/16,30.064
2019/11/17,29.508
2019/11/18,33.119
2019/11/19,35.322
2019/11/20,33.116
2019/11/21,40.238
2019/11/22,47.612
2019/11/23,37.509
2019/11/24,35.289
2019/11/25,47.722
2019/11/26,41.411
2019/11/27,39.614
2019/11/28,36.911
2019/11/29,34.049
2019/11/30,31.292
2019/12/01,31.386
2019/12/02,33.612
2019/12/03,33.457
2019/12/04,34.139
2019/12/05,33.293
2019/12/06,32.097
2019/12/07,29.379
2019/12/08,28.076
2019/12/09,30.956
2019/12/10,31.668
2019/12/11,32.027
2019/12/12,32.085
2019/12/13,31.632
2019/12/14,30.787
2019/12/15,29.017
2019/12/16,33.227
2019/12/17,39.877
2019/12/18,39.876
2019/12/19,37.598
2019/12/20,33.843
2019/12/21,29.746
2019/12/22,30.221
2019/12/23,35.677
2019/12/24,31.494
2019/12/25,30.878
2019/12/26,31.843
2019/12/27,31.188
2019/12/28,30.579
2019/12/29,30.661
2019/12/30,30.921
2019/12/31,28.975
2020/01/01,30.015
2020/01/02,33.97
2020/01/03,36.709
2020/01/04,34.039
2020/01/05,34.545
2020/01/06,38.38
2020/01/07,45.745
2020/01/08,50.481
2020/01/09,39.572
2020/01/10,39.234
2020/01/11,36.085
2020/01/12,33.05
2020/01/13,34.669
2020/01/14,49.448
2020/01/15,47.248
2020/01/16,40.884
2020/01/17,42.327
2020/01/18,38.571
2020/01/19,42.135
2020/01/20,39.379
2020/01/21,38.231
2020/01/22,36.011
2020/01/23,36.523
2020/01/24,35.051
2020/01/25,31.559
2020/01/26,30.326
2020/01/27,36.39
2020/01/28,42.206
2020/01/29,44.183
2020/01/30,43.583
2020/01/31,40.656
2020/02/01,36.66
2020/02/02,36.146
2020/02/03,37.796
2020/02/04,38.834
2020/02/05,41.426
2020/02/06,43.772
2020/02/07,42.782
2020/02/08,38.978
2020/02/09,51.345
2020/02/10,46.045
2020/02/11,47.867
2020/02/12,52.229
2020/02/13,48.183
2020/02/14,42.563
2020/02/15,41.677
2020/02/16,41.107
2020/02/17,42.457
2020/02/18,42.607
2020/02/19,44.633
2020/02/20,44.287
2020/02/21,40.54
2020/02/22,34.804
2020/02/23,35.946
2020/02/24,42.144
2020/02/25,42.269
2020/02/26,46.344
2020/02/27,45.746
2020/02/28,47.164
2020/02/29,37.636
2020/03/01,36.918
2020/03/02,40.162
2020/03/03,38.888
2020/03/04,41.156
2020/03/05,42.273
2020/03/06,40.093
2020/03/07,35.826
2020/03/08,39.409
2020/03/09,67.562
2020/03/10,52.043
2020/03/11,45.002
2020/03/12,94.701
2020/03/13,127.974
2020/03/14,82.128
2020/03/15,70.61
2020/03/16,91.333
2020/03/17,75.924
2020/03/18,69.996
2020/03/19,76.654
2020/03/20,75.283
2020/03/21,64.485
2020/03/22,57.571
2020/03/23,62.021
2020/03/24,62.767
2020/03/25,55.613
2020/03/26,52.439
2020/03/27,49.728
2020/03/28,51.368
2020/03/29,49.632
2020/03/30,50.127
2020/03/31,45.496
2020/04/01,47.256
2020/04/02,51.774
2020/04/03,49.149
2020/04/04,44.666
2020/04/05,44.551
2020/04/06,52.402
2020/04/07,53.456
2020/04/08,48.441
2020/04/09,47.205
2020/04/10,50.983
2020/04/11,45.082
2020/04/12,45.316
2020/04/13,48.813
2020/04/14,46.552
2020/04/15,45.99
2020/04/16,49.156
2020/04/17,44.944
2020/04/18,44.827
2020/04/19,44.137
2020/04/20,45.281
2020/04/21,46.092
2020/04/22,44.661
2020/04/23,49.25
2020/04/24,50.524
2020/04/25,49.288
2020/04/26,49.343
2020/04/27,50.303
2020/04/28,49.153
2020/04/29,68.683
2020/04/30,79.379
2020/05/01,63.085
2020/05/02,58.492
2020/05/03,59.64
2020/05/04,57.634
2020/05/05,56.579
2020/05/06,65.118
2020/05/07,77.727
2020/05/08,86.516
2020/05/09,75.895
2020/05/10,98.136
2020/05/11,114.652
2020/05/12,85.017
2020/05/13,70.908
2020/05/14,71.429
2020/05/15,62.76
2020/05/16,57.232
2020/05/17,59.115
2020/05/18,58.95
2020/05/19,53.9
2020/05/20,54.154
2020/05/21,57.513
2020/05/22,52.563
2020/05/23,46.615
2020/05/24,48.623
2020/05/25,53.184
2020/05/26,49.349
2020/05/27,47.745
2020/05/28,47.352
2020/05/29,46.523
2020/05/30,44.373
2020/05/31,44.115
2020/06/01,44.536
2020/06/02,61.688
2020/06/03,48.434
2020/06/04,46.43
2020/06/05,45.043
2020/06/06,41.29
2020/06/07,43.126
2020/06/08,42.746
2020/06/09,43.015
2020/06/10,44.014
2020/06/11,48.039
2020/06/12,43.606
2020/06/13,40.009
2020/06/14,39.614
2020/06/15,44.356
2020/06/16,42.183
2020/06/17,40
2020/06/18,39.83
2020/06/19,37.592
2020/06/20,36.604
2020/06/21,34.746
2020/06/22,40.13
2020/06/23,41.267
2020/06/24,39.895
2020/06/25,39.61
2020/06/26,38.821
2020/06/27,38.591
2020/06/28,40.277
2020/06/29,38.495
2020/06/30,39.109
2020/07/01,38.131
2020/07/02,37.872
2020/07/03,37.411
2020/07/04,35.723
2020/07/05,35.716
2020/07/06,37.831
2020/07/07,37.447
2020/07/08,38.951
2020/07/09,38.551
2020/07/10,37.599
2020/07/11,34.74
2020/07/12,35.052
2020/07/13,36.787
2020/07/14,38.97
2020/07/15,44.359
2020/07/16,52.875
2020/07/17,41.07
2020/07/18,56.294
2020/07/19,36.587
2020/07/20,34.451
2020/07/21,38.189
2020/07/22,38.561
2020/07/23,41.228
2020/07/24,40.601
2020/07/25,42.409
2020/07/26,49.969
2020/07/27,72.301
2020/07/28,75.17
2020/07/29,61.73
2020/07/30,55.234
2020/07/31,55.727
2020/08/01,67.237
2020/08/02,70.097
2020/08/03,59.034
2020/08/04,53.183
2020/08/05,55.401
2020/08/06,58.529
2020/08/07,54.507
2020/08/08,50.833
2020/08/09,49.958
2020/08/10,55.928
2020/08/11,54.347
2020/08/12,48.922
2020/08/13,48.026
2020/08/14,48.371
2020/08/15,47.551
2020/08/16,47.118
2020/08/17,56.299
2020/08/18,53.568
2020/08/19,50.503
2020/08/20,46.182
2020/08/21,46.462
2020/08/22,43.095
2020/08/23,41.36
2020/08/24,42.937
2020/08/25,44.891
2020/08/26,42.291
2020/08/27,41.518
2020/08/28,41.056
2020/08/29,37.922
2020/08/30,38.403
2020/08/31,39.688
2020/09/01,43.226
2020/09/02,46.275
2020/09/03,49.728
2020/09/04,51.803
2020/09/05,47.695
2020/09/06,44.198
2020/09/07,43.951
2020/09/08,43.1
2020/09/09,40.81
2020/09/10,39.785
2020/09/11,38.103
2020/09/12,35.711
2020/09/13,36.396
2020/09/14,37.744
2020/09/15,39.944
2020/09/16,39.491
2020/09/17,38.218
2020/09/18,36.661
2020/09/19,34.805
2020/09/20,35.097
2020/09/21,37.702
2020/09/22,36.048
2020/09/23,35.313
2020/09/24,35.154
2020/09/25,35.045
2020/09/26,32.653
2020/09/27,31.622
2020/09/28,34.659
2020/09/29,33.86
2020/09/30,32.887
2020/10/01,32.943
2020/10/02,33.295
2020/10/03,31.176
2020/10/04,30.432
2020/10/05,32.006
2020/10/06,31.774
2020/10/07,31.124
2020/10/08,33.42
2020/10/09,36.195
2020/10/10,37.762
2020/10/11,35.067
2020/10/12,37.089
2020/10/13,36.862
2020/10/14,35.706
2020/10/15,36.334
2020/10/16,34.709
2020/10/17,32.387
2020/10/18,33.402
2020/10/19,36.902
2020/10/20,43.229
2020/10/21,64.12
2020/10/22,67.841
2020/10/23,54.551
2020/10/24,47.847
2020/10/25,46.368
2020/10/26,50.059
2020/10/27,58.982
2020/10/28,62.01
2020/10/29,51.983
2020/10/30,49.075
2020/10/31,51.763
2020/11/01,49.153
2020/11/02,50.443
2020/11/03,46.903
2020/11/04,45.064
2020/11/05,71.034
2020/11/06,78.601
2020/11/07,63.441
2020/11/08,58.847
2020/11/09,64.083
2020/11/10,54.904
2020/11/11,56.897
2020/11/12,64.538
2020/11/13,66.687
2020/11/14,57.319
2020/11/15,52.889
2020/11/16,66.773
2020/11/17,91.029
2020/11/18,107.17
2020/11/19,84.864
2020/11/20,90.373
2020/11/21,91.099
2020/11/22,80.737
2020/11/23,83.14
2020/11/24,111.375
2020/11/25,103.341
2020/11/26,119.68
2020/11/27,85.364
2020/11/28,73.524
2020/11/29,70.163
2020/11/30,99.248
2020/12/01,99.988
2020/12/02,80.281
2020/12/03,75.845
2020/12/04,73.136
2020/12/05,67.984
2020/12/06,62.416
2020/12/07,64.432
2020/12/08,66.361
2020/12/09,67.438
2020/12/10,62.079
2020/12/11,62.399
2020/12/12,55.615
2020/12/13,61.014
2020/12/14,58.859
2020/12/15,61.774
2020/12/16,117.232
2020/12/17,192.788
2020/12/18,130.392
2020/12/19,110.526
2020/12/20,106.984
2020/12/21,118.205
2020/12/22,99.304
2020/12/23,94.045
2020/12/24,82.386
2020/12/25,99.072
2020/12/26,139.954
2020/12/27,183.153
2020/12/28,146.046
2020/12/29,128.499
2020/12/30,142.465
2020/12/31,144.616
2021/01/01,139.53
2021/01/02,243.368
2021/01/03,285.763
2021/01/04,235.192
2021/01/05,195.552
2021/01/06,222.708
2021/01/07,320.982
2021/01/08,326.105
2021/01/09,247.748
2021/01/10,243.614
2021/01/11,365.735
2021/01/12,273.205
2021/01/13,236.667
2021/01/14,240.816
2021/01/15,212.533
2021/01/16,175.92
2021/01/17,165.076
2021/01/18,155.218
2021/01/19,150.26
2021/01/20,149.039
2021/01/21,180.044
2021/01/22,196.04
2021/01/23,141.251
2021/01/24,130.118
2021/01/25,132.698
2021/01/26,128.351
2021/01/27,138.327
2021/01/28,141.191
2021/01/29,226.037
2021/01/30,159.379
2021/01/31,137.955
2021/02/01,136.247
2021/02/02,125.947
2021/02/03,133.67
2021/02/04,141.373
2021/02/05,124.247
2021/02/06,155.419
2021/02/07,135.048
2021/02/08,299.08
2021/02/09,346.188
2021/02/10,235.809
2021/02/11,219.731
2021/02/12,208.997
2021/02/13,174.751
2021/02/14,191.921
2021/02/15,193.373
2021/02/16,217.722
2021/02/17,247.785
2021/02/18,220.579
2021/02/19,242.065
2021/02/20,276.35
2021/02/21,242.073
2021/02/22,277.215
2021/02/23,351.403
2021/02/24,260.819
2021/02/25,207.33
2021/02/26,216.981
2021/02/27,174.644
2021/02/28,192.524
2021/03/01,188.287
2021/03/02,168.774
2021/03/03,160.235
2021/03/04,152.537
2021/03/05,146.861
2021/03/06,128.115
2021/03/07,137.583
2021/03/08,146.514
2021/03/09,171.991
2021/03/10,170.42
2021/03/11,157.426
2021/03/12,154.201
2021/03/13,207.626
2021/03/14,196.531
2021/03/15,176.729
2021/03/16,162.274
2021/03/17,157.531
2021/03/18,155.945
2021/03/19,139.823
2021/03/20,128.959
2021/03/21,131.404
2021/03/22,138.508
2021/03/23,141.034
2021/03/24,158.532
2021/03/25,171.704
2021/03/26,142.016
2021/03/27,128.065
2021/03/28,124.396
2021/03/29,137.011
2021/03/30,145.353
2021/03/31,144.583
2021/04/01,154.82
2021/04/02,143.921
2021/04/03,126.514
2021/04/04,122.156
2021/04/05,130.459
2021/04/06,129.655
2021/04/07,129.445
2021/04/08,121.452
2021/04/09,112.812
2021/04/10,130.316
2021/04/11,124.765
2021/04/12,128.714
2021/04/13,178.476
2021/04/14,193.005
2021/04/15,164.392
2021/04/16,177.284
2021/04/17,147.984
2021/04/18,267.181
2021/04/19,207.574
2021/04/20,185.894
2021/04/21,153.903
2021/04/22,174.93
2021/04/23,276.62
2021/04/24,191.32
2021/04/25,172.196
2021/04/26,179.781
2021/04/27,166.215
2021/04/28,149.503
2021/04/29,132.646
2021/04/30,133.512
2021/05/01,136.871
2021/05/02,119.375
2021/05/03,133.043
2021/05/04,142.121
2021/05/05,138.075
2021/05/06,137.223
2021/05/07,126.983
2021/05/08,130.702
2021/05/09,136.554
2021/05/10,138.576
2021/05/11,131.857
2021/05/12,141.278
2021/05/13,338.27
2021/05/14,207.421
2021/05/15,169.969
2021/05/16,182.1
2021/05/17,259.986
2021/05/18,197.256
2021/05/19,505.899
2021/05/20,379.363
2021/05/21,294.204
2021/05/22,259.374
2021/05/23,304.794
2021/05/24,284.611
2021/05/25,224.793
2021/05/26,195.924
2021/05/27,167.874
2021/05/28,182.334
2021/05/29,174.881
2021/05/30,166.52
2021/05/31,159.077